,Species,Host,Species_range,Host_range,Overlap_host
1,Parnassius_mnemosyne,Corydalis,750.502318683665,6217.35167706114,27.0908531385321
2,Parnassius_apollo,Hylotelephium,7169.85788098473,0,0
3,Parnassius_apollo,Sedum,7169.85788098473,38335.9292068331,2421.2448289076
4,Parnassius_apollo,Sempervivum,7169.85788098473,15536.142729291,1600.51645981493
5,Parnassius_apollo,Rhodiola,7169.85788098473,981.288459004072,109.784216569461
6,Parnassius_apollo,Petrosedum,7169.85788098473,0,0
7,Parnassius_phoebus,Saxifraga,5719.03643609669,46662.7312929746,4989.1465514002
8,Iphiclides_podalirius,Prunus,3541.35834426689,40651.6609147506,2121.65757242418
9,Iphiclides_podalirius,Malus,3541.35834426689,3792.98121099751,270.640373765877
10,Iphiclides_podalirius,Sorbus,3541.35834426689,25666.3839112474,1300.60779739609
11,Iphiclides_podalirius,Pyrus,3541.35834426689,1776.51979802116,120.214531894326
12,Papilio_machaon,Aegopodium,35359.3837783062,0,0
13,Papilio_machaon,Petroselinum,35359.3837783062,0,0
14,Papilio_machaon,Anethum,35359.3837783062,0,0
15,Papilio_machaon,Apium,35359.3837783062,0,0
16,Papilio_machaon,Daucus,35359.3837783062,0,0
17,Papilio_machaon,Foeniculum,35359.3837783062,182.864724879077,49.2057471686452
18,Papilio_machaon,Laserpitium,35359.3837783062,0,0
19,Papilio_machaon,Pastinaca,35359.3837783062,3905.90195736363,1072.14763271588
20,Papilio_machaon,Peucedanum,35359.3837783062,13954.9619279916,4226.9302956343
21,Papilio_machaon,Pimpinella,35359.3837783062,16879.3073816995,5080.43461833415
22,Papilio_machaon,Silaum,35359.3837783062,0,0
23,Papilio_machaon,Trinia,35359.3837783062,1.38881814910963,0.273912540328958
24,Carcharodus_alceae,Alcea,1540.48537511226,348.639906312549,10.2315935137567
25,Carcharodus_alceae,Malva,1540.48537511226,13189.6352306938,313.650584362949
26,Spialia_sertorius,Sanguisorba,1183.4669993653,33927.5996201361,632.8686939825
27,Erynnis_tages,Teesdalia,4014.07442068374,0,0
28,Erynnis_tages,Lotus,4014.07442068374,49493.0112276549,1790.29655386534
29,Erynnis_tages,Iberis,4014.07442068374,218.467826260152,3.85911820509518
30,Erynnis_tages,Coronilla,4014.07442068374,544.339391498758,34.6385513773673
31,Erynnis_tages,Hippocrepis,4014.07442068374,18505.7329459464,884.170725067826
32,Erynnis_tages,Eryngium,4014.07442068374,0,0
33,Pyrgus_carthami,Potentilla,32.5679510046718,78660.8919992086,27.5103664732708
34,Pyrgus_malvae,Potentilla,1202.70421137375,78660.8919992086,733.991491559714
35,Pyrgus_andromedae,Potentilla,256.094030434285,78660.8919992086,144.996261909338
36,Pyrgus_andromedae,Dryas,256.094030434285,0,0
37,Pyrgus_cacaliae,Potentilla,1888.61133560216,78660.8919992086,784.734529979655
38,Pyrgus_cacaliae,Geum,1888.61133560216,0,0
39,Pyrgus_serratulae,Potentilla,1646.49865212358,78660.8919992086,1051.87139199083
40,Pyrgus_serratulae,Geum,1646.49865212358,0,0
41,Pyrgus_serratulae,Sibbaldia,1646.49865212358,5960.80119295312,140.772733624331
42,Pyrgus_armoricanus,Potentilla,187.964593176188,78660.8919992086,133.463506887274
43,Pyrgus_armoricanus,Fragaria,187.964593176188,21219.8423441332,51.4088714901811
44,Pyrgus_armoricanus,Helianthemum,187.964593176188,15406.1204798263,17.448940572122
45,Pyrgus_cirsii,Potentilla,0.00373000085825786,78660.8919992086,0.00255074378283954
46,Pyrgus_carlinae,Potentilla,213.665897437641,78660.8919992086,121.865286039958
47,Pyrgus_carlinae,Helianthemum,213.665897437641,15406.1204798263,57.0234809509699
48,Pyrgus_alveus,Potentilla,1504.56507040754,78660.8919992086,976.035609032155
49,Pyrgus_alveus,Helianthemum,1504.56507040754,15406.1204798263,453.172632641065
50,Heteropterus_morpheus,Molinia,446.388800742526,7319.35194057026,87.7622520848221
51,Carterocephalus_palaemon,Calamagrostis,1945.99552831176,9675.14099781091,237.321708701966
52,Carterocephalus_palaemon,Cynosurus,1945.99552831176,11396.8476550119,206.642203778156
53,Thymelicus_acteon,Calamagrostis,17.0671372695244,9675.14099781091,3.32534678654671
54,Thymelicus_acteon,Bromus,17.0671372695244,43233.7419288779,13.1792635244552
55,Thymelicus_acteon,Carex,17.0671372695244,105878.429833341,15.6606868618903
56,Thymelicus_acteon,Brachypodium,17.0671372695244,24351.6451784086,9.1285635958039
57,Thymelicus_acteon,Stipa,17.0671372695244,284.785595071154,1.24264903382686
58,Thymelicus_acteon,Elymus,17.0671372695244,10819.8760004031,4.30570938221167
59,Thymelicus_sylvestris,Cynosurus,5714.34929788875,11396.8476550119,1097.12803664953
60,Thymelicus_sylvestris,Bromus,5714.34929788875,43233.7419288779,2638.63859651599
61,Thymelicus_sylvestris,Brachypodium,5714.34929788875,24351.6451784086,1618.50686746339
62,Thymelicus_sylvestris,Festuca,5714.34929788875,62239.0078172905,3437.23863138445
63,Thymelicus_sylvestris,Alopecurus,5714.34929788875,10387.0252230739,561.01887350725
64,Thymelicus_sylvestris,Anthoxanthum,5714.34929788875,32032.6480360586,1963.7693549929
65,Thymelicus_sylvestris,Dactylis,5714.34929788875,29962.5079877496,1720.34191062576
66,Thymelicus_sylvestris,Melica,5714.34929788875,10790.1092325784,770.982673196482
67,Thymelicus_sylvestris,Phleum,5714.34929788875,22458.6561970727,1113.52127360512
68,Thymelicus_lineola,Bromus,4613.98382364532,43233.7419288779,1483.51510454925
69,Thymelicus_lineola,Brachypodium,4613.98382364532,24351.6451784086,998.850719495432
70,Thymelicus_lineola,Festuca,4613.98382364532,62239.0078172905,2733.0389134729
71,Thymelicus_lineola,Anthoxanthum,4613.98382364532,32032.6480360586,1482.43091877959
72,Thymelicus_lineola,Triticum,4613.98382364532,449.359020015303,5.91160895699998
73,Thymelicus_lineola,Lolium,4613.98382364532,18687.6680332001,507.013416671794
74,Ochlodes_sylvanus,Molinia,12349.0384914324,7319.35194057026,1004.25294768268
75,Ochlodes_sylvanus,Bromus,12349.0384914324,43233.7419288779,5629.40020009096
76,Ochlodes_sylvanus,Brachypodium,12349.0384914324,24351.6451784086,3720.99987192519
77,Ochlodes_sylvanus,Elymus,12349.0384914324,10819.8760004031,1278.81875740965
78,Ochlodes_sylvanus,Dactylis,12349.0384914324,29962.5079877496,3793.25430110881
79,Ochlodes_sylvanus,Lolium,12349.0384914324,18687.6680332001,2268.71669629966
80,Ochlodes_sylvanus,Avenula,12349.0384914324,0,0
81,Ochlodes_sylvanus,Holcus,12349.0384914324,16463.6002044062,2108.22708000625
82,Ochlodes_sylvanus,Phalaris,12349.0384914324,5453.64305066216,577.233427016823
83,Ochlodes_sylvanus,Luzula,12349.0384914324,47860.1377786911,4879.9091536412
84,Hesperia_comma,Festuca,9400.19868585131,62239.0078172905,4940.23470279528
85,Hesperia_comma,Triticum,9400.19868585131,449.359020015303,1.63390425725748
86,Hesperia_comma,Holcus,9400.19868585131,16463.6002044062,201.533221335726
87,Hesperia_comma,Poa,9400.19868585131,66998.8575514717,4616.40928471107
88,Hesperia_comma,Nardus,9400.19868585131,13691.6333945921,2652.61992658998
89,Gonepteryx_rhamni,Frangula,33582.4045574043,3223.12497130026,1403.88141196305
90,Gonepteryx_rhamni,Rhamnus,33582.4045574043,5298.55830600116,1808.5041719017
91,Colias_alfacariensis,Coronilla,975.306942522447,544.339391498758,27.8762094606905
92,Colias_alfacariensis,Hippocrepis,975.306942522447,18505.7329459464,435.71329801583
93,Colias_phicomone,Lotus,9169.11080433446,49493.0112276549,2616.22837160112
94,Colias_phicomone,Hippocrepis,9169.11080433446,18505.7329459464,698.694572433771
95,Colias_palaeno,Vaccinium,3000.18518567575,26721.6447746337,1469.17563262944
96,Anthocharis_cardamines,Cardamine,26431.5149902973,48309.0650932912,11917.8828570925
97,Aporia_crataegi,Prunus,13945.1664997641,40651.6609147506,2189.18532515952
98,Aporia_crataegi,Sorbus,13945.1664997641,25666.3839112474,4936.28764155863
99,Aporia_crataegi,Aria,13945.1664997641,0,0
100,Pontia_callidice,Cardamine,7009.22325695284,48309.0650932912,1273.81122481686
101,Pontia_callidice,Hornungia,7009.22325695284,72.6789117078683,0.00906543104463929
102,Pieris_brassicae,Alliaria,13403.6530059713,14833.3460297254,2424.51646622296
103,Pieris_mannii,Iberis,1807.88445437358,218.467826260152,5.71176547191021
104,Pieris_mannii,Diplotaxis,1807.88445437358,0,0
105,Pieris_mannii,Aubrieta,1807.88445437358,0,0
106,Pieris_mannii,Alyssoides,1807.88445437358,0,0
107,Pieris_mannii,Kernera,1807.88445437358,0,0
108,Pieris_bryoniae,Biscutella,4866.22311744711,6275.36547087517,686.456156206367
109,Pieris_bryoniae,Cardamine,4866.22311744711,48309.0650932912,935.546859954266
110,Pieris_bryoniae,Hornungia,4866.22311744711,72.6789117078683,0.226866039933705
111,Pieris_bryoniae,Arabis,4866.22311744711,25333.1385108653,1368.78072025206
112,Pieris_bryoniae,Noccaea,4866.22311744711,0,0
113,Pieris_bryoniae,Fourraea,4866.22311744711,0,0
114,Hamearis_lucina,Primula,1590.5074745127,58514.2988576389,933.733976368362
115,Lycaena_phlaeas,Rumex,6030.9415626766,57199.5485750983,3521.05554769595
116,Lycaena_virgaureae,Rumex,5383.83961701285,57199.5485750983,2579.29170522424
117,Lycaena_helle,Bistorta,197.418469514362,0,0
118,Lycaena_alciphron,Rumex,373.979231711776,57199.5485750983,205.655541574645
119,Lycaena_dispar,Rumex,15.8687918838207,57199.5485750983,9.1944931597748
120,Lycaena_hippothoe,Rumex,3218.40780267553,57199.5485750983,1664.70579125679
121,Thecla_betulae,Prunus,2664.26925477309,40651.6609147506,1573.81955052148
122,Favonius_quercus,Quercus,371.477731379264,14792.1733929263,121.889547953098
123,Satyrium_w.album,Ulmus,631.24819373113,8637.9755976902,96.6194136387241
124,Satyrium_acaciae,Prunus,0.888303545770006,40651.6609147506,0.512494568493059
125,Satyrium_spini,Rhamnus,191.089514018983,5298.55830600116,26.2550548030619
126,Satyrium_ilicis,Quercus,9.17087806816235,14792.1733929263,3.01570907177541
127,Lampides_boeticus,Colutea,137.308449789337,377.346215988561,4.70364520471701
128,Celastrina_argiolus,Frangula,5344.99593260502,3223.12497130026,272.097474544327
129,Celastrina_argiolus,Lythrum,5344.99593260502,6192.07618757967,629.888099004347
130,Celastrina_argiolus,Cornus,5344.99593260502,22365.8036948417,2058.02109613462
131,Phengaris_arion,Thymus,3971.19205735595,25356.6268300079,1295.31737824586
132,Phengaris_arion,Origanum,3971.19205735595,0,0
133,Phengaris_teleius,Sanguisorba,17.5546097471225,33927.5996201361,8.90590077019347
134,Phengaris_nausithous,Sanguisorba,141.120281403771,33927.5996201361,78.4358883371054
135,Scolitantides_orion,Hylotelephium,310.934742505285,0,0
136,Iolana_iolas,Colutea,5.60277419552148,377.346215988561,1.63568099965788
137,Glaucopsyche_alexis,Medicago,217.359716029695,29618.8055539008,129.76306770103
138,Glaucopsyche_alexis,Onobrychis,217.359716029695,7799.53567782107,74.2404495796771
139,Pseudophilotes_baton,Thymus,179.730676830292,25356.6268300079,58.735341281331
140,Leptotes_pirithous,Melilotus,13.4470581865361,6628.31066498978,1.5865396353194
141,Cupido_argiades,Lotus,4462.42853193269,49493.0112276549,1726.91489003544
142,Cupido_argiades,Medicago,4462.42853193269,29618.8055539008,1904.75676437088
143,Cupido_argiades,Vicia,4462.42853193269,46773.6024280097,2617.71935822231
144,Cupido_argiades,Trifolium,4462.42853193269,88351.2428929705,3333.67900877895
145,Cupido_alcetas,Coronilla,1561.15123973219,544.339391498758,12.0258875766602
146,Cupido_alcetas,Vicia,1561.15123973219,46773.6024280097,1091.51230107531
147,Cupido_osiris,Colutea,80.2603245403677,377.346215988561,0.492957792906848
148,Cupido_osiris,Onobrychis,80.2603245403677,7799.53567782107,14.770424042033
149,Cupido_minimus,Astragalus,12403.4025821266,12783.7814337048,2165.54020532333
150,Cupido_minimus,Oxytropis,12403.4025821266,5874.49327657115,1143.67936038362
151,Cupido_minimus,Anthyllis,12403.4025821266,21465.3445620989,3582.47102469603
152,Plebejus_argus,Hippocrepis,874.804183916769,18505.7329459464,201.314006709134
153,Plebejus_argus,Helianthemum,874.804183916769,15406.1204798263,254.138615832474
154,Plebejus_idas,Lotus,4559.7418856339,49493.0112276549,1261.46420938365
155,Plebejus_idas,Hippocrepis,4559.7418856339,18505.7329459464,390.510394717436
156,Plebejus_idas,Helianthemum,4559.7418856339,15406.1204798263,920.753791749771
157,Plebejus_idas,Colutea,4559.7418856339,377.346215988561,1.06000541065316
158,Plebejus_idas,Cytisus,4559.7418856339,3365.05602462373,43.3077519006715
159,Plebejus_idas,Medicago,4559.7418856339,29618.8055539008,112.28836524931
160,Plebejus_idas,Onobrychis,4559.7418856339,7799.53567782107,93.5775463825351
161,Plebejus_idas,Melilotus,4559.7418856339,6628.31066498978,32.7871715126103
162,Plebejus_idas,Trifolium,4559.7418856339,88351.2428929705,2638.64188142328
163,Plebejus_idas,Astragalus,4559.7418856339,12783.7814337048,1165.12625988068
164,Plebejus_idas,Anthyllis,4559.7418856339,21465.3445620989,918.608130688821
165,Plebejus_idas,Hippophae,4559.7418856339,0,0
166,Plebejus_idas,Calluna,4559.7418856339,8843.979423406,639.933608118681
167,Plebejus_argyrognomon,Coronilla,0.0246109003198081,544.339391498758,1.15024123207586e-05
168,Cyaniris_semiargus,Trifolium,16649.1195236151,88351.2428929705,12202.0284516886
169,Aricia_nicias,Geranium,148.99819212916,61216.8911601016,41.2499969680942
170,Aricia_artaxerxes,Helianthemum,3571.12696397841,15406.1204798263,1145.25055990848
171,Aricia_artaxerxes,Geranium,3571.12696397841,61216.8911601016,1315.70845501109
172,Aricia_agestis,Helianthemum,1122.80909369856,15406.1204798263,104.456362130271
173,Aricia_agestis,Erodium,1122.80909369856,2939.18660527602,54.2627047917714
174,Polyommatus_escheri,Astragalus,40.7452018837388,12783.7814337048,20.9210867790211
175,Polyommatus_escheri,Oxytropis,40.7452018837388,5874.49327657115,5.21088431139083
176,Polyommatus_thersites,Onobrychis,205.525907734914,7799.53567782107,52.9388696308755
177,Polyommatus_amandus,Vicia,346.831350831314,46773.6024280097,132.726139967789
178,Polyommatus_amandus,Lathyrus,346.831350831314,37272.0011440719,108.887889106589
179,Polyommatus_icarus,Lotus,28174.4826378775,49493.0112276549,12524.7823958904
180,Polyommatus_icarus,Medicago,28174.4826378775,29618.8055539008,9986.7772587163
181,Polyommatus_icarus,Melilotus,28174.4826378775,6628.31066498978,2174.82903873514
182,Polyommatus_icarus,Trifolium,28174.4826378775,88351.2428929705,21584.237314268
183,Polyommatus_icarus,Ononis,28174.4826378775,9688.20755145658,3393.744981016
184,Polyommatus_eros,Onobrychis,1951.01242151253,7799.53567782107,31.5668179021072
185,Polyommatus_eros,Astragalus,1951.01242151253,12783.7814337048,418.713322396855
186,Polyommatus_eros,Oxytropis,1951.01242151253,5874.49327657115,377.220282642678
187,Polyommatus_dorylas,Anthyllis,552.969633704685,21465.3445620989,262.923210402054
188,Polyommatus_damon,Onobrychis,1110.27163601814,7799.53567782107,159.25360047769
189,Neptis_rivularis,Filipendula,433.565557096643,17096.3579815627,14.550136508889
190,Neptis_rivularis,Spiraea,433.565557096643,440.517791494755,6.16157170517427
191,Limenitis_populi,Populus,623.102849586333,14657.3678291185,110.071960171193
192,Limenitis_reducta,Lonicera,232.155463245749,29564.5903632793,95.7871349752597
193,Limenitis_camilla,Lonicera,5046.83105602654,29564.5903632793,1789.03312458078
194,Issoria_lathonia,Viola,9212.40377824896,59319.6304194738,5159.64613305815
195,Brenthis_ino,Sanguisorba,2628.64150071573,33927.5996201361,892.161266458544
196,Brenthis_ino,Filipendula,2628.64150071573,17096.3579815627,465.946246114991
197,Brenthis_ino,Comarum,2628.64150071573,0,0
198,Argynnis_paphia,Viola,21815.874213939,59319.6304194738,11215.7034527725
199,Fabriciana_adippe,Viola,4467.59652607597,59319.6304194738,2625.45230699472
200,Boloria_pales,Viola,9388.03813079488,59319.6304194738,3269.90464393236
201,Boloria_pales,Plantago,9388.03813079488,69022.7833126709,1932.56588435639
202,Boloria_napaea,Viola,2511.11957029501,59319.6304194738,931.921877611295
203,Boloria_aquilonaris,Vaccinium,44.5879800701303,26721.6447746337,15.7051898389189
204,Boloria_selene,Viola,3801.73376447848,59319.6304194738,2223.85062969722
205,Boloria_dia,Viola,1297.17852829391,59319.6304194738,841.667409104059
206,Boloria_euphrosyne,Viola,8075.66683071774,59319.6304194738,4413.84709469163
207,Boloria_titania,Bistorta,5200.96264488219,0,0
208,Boloria_titania,Viola,5200.96264488219,59319.6304194738,2752.84512279902
209,Apatura_iris,Salix,3995.60998797298,51480.9207826871,1285.79363310748
210,Apatura_ilia,Populus,888.328781090759,14657.3678291185,200.789134611811
211,Apatura_ilia,Salix,888.328781090759,51480.9207826871,319.749013890261
212,Araschnia_levana,Urtica,5498.90721657919,29464.8375354104,1456.6245124286
213,Vanessa_cardui,Urtica,34427.8242920642,29464.8375354104,7476.73079513222
214,Vanessa_cardui,Echium,34427.8242920642,8854.23103739483,1906.5107457413
215,Vanessa_cardui,Arctium,34427.8242920642,0,0
216,Vanessa_cardui,Carduus,34427.8242920642,19468.2836607073,5468.70355698836
217,Vanessa_cardui,Carlina,34427.8242920642,0,0
218,Vanessa_cardui,Cirsium,34427.8242920642,63119.7925701592,17312.1638905857
219,Vanessa_cardui,Leontopodium,34427.8242920642,0,0
220,Vanessa_cardui,Onopordum,34427.8242920642,0,0
221,Vanessa_cardui,Tussilago,34427.8242920642,0,0
222,Vanessa_atalanta,Urtica,64630.8006309204,29464.8375354104,15403.2632414519
223,Aglais_io,Urtica,19011.3795399197,29464.8375354104,5451.06065636614
224,Aglais_io,Humulus,19011.3795399197,5908.34795605132,1161.79794842726
225,Aglais_urticae,Urtica,69915.0088603484,29464.8375354104,14455.0486957955
226,Polygonia_c.album,Ulmus,15024.6257026748,8637.9755976902,1658.98053154512
227,Polygonia_c.album,Urtica,15024.6257026748,29464.8375354104,4574.73980307005
228,Polygonia_c.album,Humulus,15024.6257026748,5908.34795605132,1032.85421313878
229,Nymphalis_polychloros,Salix,3751.7210493422,51480.9207826871,1341.11610930619
230,Nymphalis_polychloros,Ostrya,3751.7210493422,0,0
231,Nymphalis_polychloros,Celtis,3751.7210493422,325.501884813734,30.1238271828026
232,Nymphalis_antiopa,Salix,8947.04984697028,51480.9207826871,2899.31973652616
233,Nymphalis_antiopa,Betula,8947.04984697028,0,0
234,Euphydryas_cynthia,Viola,4181.99478423519,59319.6304194738,990.78416259378
235,Euphydryas_cynthia,Plantago,4181.99478423519,69022.7833126709,436.727222902235
236,Euphydryas_intermedia,Lonicera,142.907869188751,29564.5903632793,11.2239311097365
237,Melitaea_didyma,Stachys,684.442948008034,32222.1313637545,345.249510701301
238,Melitaea_didyma,Plantago,684.442948008034,69022.7833126709,494.420504313514
239,Melitaea_didyma,Centaurea,684.442948008034,47496.0193110677,459.32537624108
240,Melitaea_didyma,Linaria,684.442948008034,19944.4637588526,150.248127240059
241,Melitaea_didyma,Verbascum,684.442948008034,13477.6180404458,253.869957004581
242,Melitaea_didyma,Rhinanthus,684.442948008034,23292.248283594,208.054729313425
243,Melitaea_didyma,Veronica,684.442948008034,89859.0149840857,581.710828523848
244,Melitaea_phoebe,Cirsium,1187.80703274558,63119.7925701592,735.60676250944
245,Melitaea_phoebe,Centaurea,1187.80703274558,47496.0193110677,625.246267911025
246,Melitaea_cinxia,Plantago,384.153804783203,69022.7833126709,306.211786262087
247,Melitaea_cinxia,Veronica,384.153804783203,89859.0149840857,341.187561415538
248,Melitaea_diamina,Valeriana,5365.30544113112,31557.2172101467,2128.06229052501
249,Melitaea_aurelia,Plantago,113.084366070029,69022.7833126709,87.0756293600369
250,Melitaea_varia,Plantago,1780.95614664069,69022.7833126709,476.747231891644
251,Melitaea_parthenoides,Plantago,450.652047493043,69022.7833126709,320.209658973284
252,Melitaea_parthenoides,Verbascum,450.652047493043,13477.6180404458,75.8952010754658
253,Melitaea_deione,Linaria,5.10020407543526,19944.4637588526,1.17483182771557
254,Melitaea_athalia,Plantago,30.0708024321154,69022.7833126709,15.0176907238063
255,Melitaea_athalia,Linaria,30.0708024321154,19944.4637588526,1.26941608747953
256,Melitaea_athalia,Rhinanthus,30.0708024321154,23292.248283594,5.44129761377681
257,Melitaea_athalia,Veronica,30.0708024321154,89859.0149840857,18.3907176487249
258,Melitaea_athalia,Digitalis,30.0708024321154,6684.26534874446,2.51208734367912
259,Melitaea_athalia,Melampyrum,30.0708024321154,10912.3601271717,6.24500083561883
260,Melitaea_britomartis,Plantago,0.00126504230739257,69022.7833126709,0.000871153980326594
261,Melitaea_britomartis,Veronica,0.00126504230739257,89859.0149840857,0.00105558974342339
262,Libythea_celtis,Celtis,49.2379224418583,325.501884813734,1.01240641291298
263,Lasiommata_maera,Calamagrostis,14870.2061166735,9675.14099781091,2242.52599120623
264,Lasiommata_maera,Festuca,14870.2061166735,62239.0078172905,7963.10619379141
265,Lasiommata_petropolitana,Festuca,3654.43291198584,62239.0078172905,1779.61787854399
266,Lasiommata_megera,Bromus,13515.9958157445,43233.7419288779,7660.00844818187
267,Lopinga_achine,Brachypodium,254.092972478396,24351.6451784086,115.193181672446
268,Lopinga_achine,Deschampsia,254.092972478396,14260.6489602252,14.8181666838386
269,Coenonympha_glycerion,Cynosurus,91.4832235525896,11396.8476550119,14.4290610875211
270,Coenonympha_glycerion,Brachypodium,91.4832235525896,24351.6451784086,28.0227918109445
271,Coenonympha_glycerion,Festuca,91.4832235525896,62239.0078172905,61.3936016612536
272,Coenonympha_glycerion,Melica,91.4832235525896,10790.1092325784,17.2889001028784
273,Coenonympha_glycerion,Briza,91.4832235525896,16745.3899595682,29.7605903111048
274,Coenonympha_pamphilus,Bromus,27720.596966819,43233.7419288779,14145.8539969316
275,Coenonympha_pamphilus,Festuca,27720.596966819,62239.0078172905,15361.9605437127
276,Coenonympha_pamphilus,Anthoxanthum,27720.596966819,32032.6480360586,8184.24871891683
277,Coenonympha_pamphilus,Poa,27720.596966819,66998.8575514717,15625.3282122944
278,Coenonympha_pamphilus,Nardus,27720.596966819,13691.6333945921,1008.56708407694
279,Coenonympha_pamphilus,Agrostis,27720.596966819,32756.9284235681,7045.96954170608
280,Coenonympha_tullia,Carex,15.8832243358151,105878.429833341,14.0449999729953
281,Coenonympha_tullia,Eriophorum,15.8832243358151,8258.52079627419,4.38101961114898
282,Melanargia_galathea,Bromus,30968.8282332737,43233.7419288779,15920.3175117844
283,Melanargia_galathea,Brachypodium,30968.8282332737,24351.6451784086,9730.91951090802
284,Hipparchia_statilinus,Bromus,12.1483986395613,43233.7419288779,11.4778205648619
285,Hipparchia_statilinus,Stipa,12.1483986395613,284.785595071154,3.83529116105793
286,Hipparchia_fagi,Bromus,687.094032798511,43233.7419288779,161.772789259845
287,Hipparchia_semele,Festuca,884.052213401989,62239.0078172905,565.786797653426
288,Oeneis_glacialis,Festuca,2898.12914544204,62239.0078172905,1122.01355943545
289,Brintesia_circe,Bromus,5929.32521508156,43233.7419288779,3868.55870084553
290,Satyrus_ferula,Festuca,525.513962976173,62239.0078172905,337.351912102363
291,Hyponephele_lycaon,Stipa,385.409153170495,284.785595071154,33.6582664006652
292,Hyponephele_lycaon,Festuca,385.409153170495,62239.0078172905,279.460778597785
293,Aphantopus_hyperantus,Bromus,18224.3303557418,43233.7419288779,8722.2731160398
294,Maniola_jurtina,Bromus,40485.3997129158,43233.7419288779,22085.6975861316
295,Erebia_nivalis,Festuca,39.0190516761953,62239.0078172905,4.11263404249629
296,Erebia_tyndarus,Festuca,15462.2291063459,62239.0078172905,6090.57301909626
297,Erebia_tyndarus,Anthoxanthum,15462.2291063459,32032.6480360586,3198.48727577311
298,Erebia_tyndarus,Nardus,15462.2291063459,13691.6333945921,4318.65461899703
299,Erebia_christi,Festuca,0.567354111178258,62239.0078172905,0.196159259906194
300,Erebia_pharte,Carex,2575.05381166606,105878.429833341,2199.50529731017
301,Erebia_pharte,Festuca,2575.05381166606,62239.0078172905,1059.01513515162
302,Erebia_pharte,Nardus,2575.05381166606,13691.6333945921,868.742107966016
303,Erebia_epiphron,Festuca,4003.07808967968,62239.0078172905,1448.1066661473
304,Erebia_meolans,Festuca,1283.13127853493,62239.0078172905,704.904142281992
305,Erebia_triarius,Stipa,28.5139369559484,284.785595071154,1.9372725691662
306,Erebia_triarius,Festuca,28.5139369559484,62239.0078172905,14.6700769800338
307,Erebia_medusa,Bromus,3955.19515815954,43233.7419288779,820.029288734442
308,Erebia_medusa,Festuca,3955.19515815954,62239.0078172905,2065.60133231046
309,Erebia_aethiops,Bromus,9080.3746933086,43233.7419288779,1834.71079920337
310,Erebia_aethiops,Carex,9080.3746933086,105878.429833341,7662.44803656655
311,Erebia_aethiops,Brachypodium,9080.3746933086,24351.6451784086,1971.08591140903
312,Erebia_aethiops,Festuca,9080.3746933086,62239.0078172905,4808.4321319588
313,Erebia_aethiops,Anthoxanthum,9080.3746933086,32032.6480360586,2747.1410222109
314,Erebia_aethiops,Dactylis,9080.3746933086,29962.5079877496,1817.84013050987
315,Erebia_aethiops,Luzula,9080.3746933086,47860.1377786911,4802.77372236846
316,Erebia_aethiops,Poa,9080.3746933086,66998.8575514717,3746.40419906601
317,Erebia_aethiops,Briza,9080.3746933086,16745.3899595682,2007.00817110018
318,Erebia_pandrose,Festuca,5881.04621227529,62239.0078172905,1839.35311951076
319,Erebia_pandrose,Nardus,5881.04621227529,13691.6333945921,1201.09962949329
320,Erebia_pandrose,Sesleria,5881.04621227529,9565.28838624965,632.715426781926
321,Erebia_flavofasciata,Festuca,187.538128247456,62239.0078172905,40.5873788461878
322,Erebia_gorge,Festuca,6566.80392310819,62239.0078172905,1577.74513936166
323,Erebia_gorge,Poa,6566.80392310819,66998.8575514717,3288.50865296699
324,Erebia_gorge,Sesleria,6566.80392310819,9565.28838624965,529.148204120434
325,Erebia_pluto,Festuca,4879.75433565104,62239.0078172905,1050.00045832985
326,Erebia_pluto,Poa,4879.75433565104,66998.8575514717,2570.13399901528
327,Erebia_pluto,Sesleria,4879.75433565104,9565.28838624965,351.882366251279
328,Erebia_sudetica,Festuca,6.00058494829887,62239.0078172905,2.4549551860961
329,Erebia_sudetica,Anthoxanthum,6.00058494829887,32032.6480360586,1.6146338721098
330,Erebia_melampus,Festuca,8075.94168570652,62239.0078172905,3791.0348377537
331,Erebia_melampus,Anthoxanthum,8075.94168570652,32032.6480360586,2200.95920182288
332,Erebia_melampus,Poa,8075.94168570652,66998.8575514717,3545.066548995
333,Erebia_manto,Carex,1571.58338815574,105878.429833341,1392.89879173644
334,Erebia_manto,Anthoxanthum,1571.58338815574,32032.6480360586,467.895800602623
335,Erebia_manto,Poa,1571.58338815574,66998.8575514717,682.746646908538
336,Erebia_eriphyle,Carex,174.939297449651,105878.429833341,155.21583359047
337,Erebia_eriphyle,Anthoxanthum,174.939297449651,32032.6480360586,50.993393766515
338,Erebia_eriphyle,Deschampsia,174.939297449651,14260.6489602252,44.8060698216052
339,Erebia_euryale,Carex,10796.4800670847,105878.429833341,9023.66538318312
340,Erebia_euryale,Festuca,10796.4800670847,62239.0078172905,5330.42575268935
341,Erebia_euryale,Anthoxanthum,10796.4800670847,32032.6480360586,2989.4928188231
342,Erebia_euryale,Dactylis,10796.4800670847,29962.5079877496,1163.75408762338
343,Erebia_euryale,Luzula,10796.4800670847,47860.1377786911,6013.44006330385
344,Erebia_euryale,Poa,10796.4800670847,66998.8575514717,4824.22182343536
345,Erebia_euryale,Nardus,10796.4800670847,13691.6333945921,3256.28170516743
346,Erebia_euryale,Deschampsia,10796.4800670847,14260.6489602252,2012.27912031774
347,Erebia_euryale,Briza,10796.4800670847,16745.3899595682,1653.88999543074
348,Erebia_euryale,Sesleria,10796.4800670847,9565.28838624965,1599.0355813981
349,Erebia_ligea,Carex,8504.8139832547,105878.429833341,7339.12900105285
350,Erebia_ligea,Melica,8504.8139832547,10790.1092325784,1063.60083294657
351,Erebia_ligea,Luzula,8504.8139832547,47860.1377786911,4505.85058018815
352,Erebia_ligea,Sesleria,8504.8139832547,9565.28838624965,1122.08352304985
353,Erebia_oeme,Molinia,1662.06876641722,7319.35194057026,137.181833696306
354,Erebia_oeme,Carex,1662.06876641722,105878.429833341,1483.16197000833
355,Erebia_oeme,Poa,1662.06876641722,66998.8575514717,694.055277889316
356,Erebia_oeme,Briza,1662.06876641722,16745.3899595682,374.687847415761
357,Erebia_mnestra,Festuca,2118.1571033627,62239.0078172905,812.329109072406
358,Erebia_mnestra,Sesleria,2118.1571033627,9565.28838624965,274.697287756682
359,Erebia_styx,Sesleria,81.531510907979,9565.28838624965,7.30386224740999
